route,seo_title,meta_description,h1,primary_intent,release_state,indexing_note
/,GANG | Considered Hardware. Wireless Charging.,"Meet GANG and our first wall-mounted wireless charging hub. Explore the design, learn about four charging zones, and join launch updates.",Power has a place.,brand and wireless charging,prelaunch,index when published
/products/gang-4-in-1/,GANG–1 | Wall-Mounted Wireless Charging Hub,"Explore GANG–1, a wall-mounted wireless charging hub with four charging zones. Discover the design and sign up for launch updates.",GANG–1,wall-mounted wireless charging hub,prelaunch,index when published
/about/,"About GANG | Everyday Objects, Considered","Meet GANG, a consumer hardware company focused on wireless charging. Explore our approach to industrial design and the technology we live with.",Everyday objects deserve attention.,GANG company and design philosophy,prelaunch,index when published
/journal/,"GANG Journal | Objects, Design, and Process","Explore the ideas behind GANG. Design notes on everyday charging, the objects we live with, and the work behind our first product.",Journal,GANG design journal,prelaunch after first approved story,index with substantive content
/journal/a-place-for-charging/,A Place for Charging | GANG Journal,Why GANG began with the wall. Explore the thinking behind a wireless charging hub designed in relation to the room around it.,A place for charging,wall-mounted charging design story,prelaunch with approved imagery,index when published
/journal/what-belongs-in-the-room/,What Belongs in the Room | GANG Journal,"A look at GANG’s approach to everyday technology: start with use, give each detail a reason, and consider the room around the object.",What belongs in the room,GANG industrial design approach,prelaunch with approved imagery,index when published
/support/,GANG Support | Product Questions and Information,"Find information about GANG–1, including device compatibility, setup planning, and common questions. Contact GANG for more help.",Support,GANG product support,prelaunch with useful destinations,index with substantive content
/support/compatibility/,GANG–1 Compatibility | Devices and Cases,Learn what to consider when checking a device and case for GANG–1. Final supported-device information will be available before orders open.,Device compatibility,GANG device and case compatibility,interim prelaunch copy; matrix needed for launch,hold sitemap inclusion until useful guide exists
/support/setup/,GANG–1 Setup | Placement Information,Planning a place for GANG–1? Explore placement considerations and contact us about your space. The complete setup guide is coming before launch.,Find its place.,GANG wall mounting and setup,interim prelaunch copy; approved manual needed for launch,hold sitemap inclusion until useful guide exists
/support/faq/,GANG FAQ | Wireless Charging and Launch Questions,"Answers to common questions about GANG–1, its four charging zones, wireless charging, installation information, and launch updates.",Questions about GANG,GANG product FAQ,prelaunch,index when published
/contact/,"Contact GANG | Product, Press, and Project Enquiries","Contact GANG with questions about our wireless charging hub, device compatibility, press materials, retail, or a project you have in mind.",Contact GANG,contact GANG,prelaunch after inbox and form verified,index when published
/trade/,GANG Trade | Retail and Project Enquiries,"Considering GANG for a home, workplace, shared space, or store? Tell us about your project, location, quantity, and timing.",A place in your project.,GANG trade enquiries,optional prelaunch,index when published
/press/,GANG Press | Brand and Product Information,"Find a concise introduction to GANG and its first wireless charging hub. Contact us for press materials, product information, and images.",GANG press,GANG press information,optional prelaunch,index when published
/updates/,GANG Updates | Product News and Launch Announcements,"Follow what comes next from GANG. Sign up for product news, design notes, and launch updates about our wall-mounted wireless charging hub.",Follow what comes next.,GANG launch updates,prelaunch after subscription flow verified,index when published
/shipping-returns/,GANG Shipping and Returns | Delivery and Order Help,"Find GANG delivery information, shipping destinations, return requirements, and order support. Read the policy before placing an order.",Shipping and returns,GANG shipping and returns,ordering release only; adopted policy required,index only when complete
/warranty/,GANG Warranty | Product Coverage and Support,"Read the warranty for your GANG product, including coverage, exclusions, and how to request support or make a claim.",Warranty,GANG warranty,ordering release only; adopted warranty required,index only when complete
/accessibility/,GANG Accessibility | Website Assistance,Having trouble using the GANG website? Find out how to report an accessibility issue and tell us what you need help with.,Accessibility,GANG accessibility assistance,prelaunch after contact route verified,index when published
/privacy/,GANG Privacy Policy,"Read how GANG collects, uses, and manages personal information through this website, including your choices and how to contact us.",Privacy,GANG privacy policy,prelaunch; adopted policy required,publish complete applicable policy
/terms/,GANG Website Terms,"Read the terms for using the GANG website, including the information and services available through the site.",Terms,GANG website terms,prelaunch; adopted terms required,publish complete applicable terms
/cart/,Your Bag | GANG,Review the GANG products in your bag and continue to checkout.,Your bag,transactional utility,ordering release only,noindex; exclude from sitemap
/404.html,Page Not Found | GANG,This page could not be found. Return to GANG to explore the product or contact us for help.,Page not found.,error page,prelaunch,HTTP 404; exclude from sitemap
